{"mean": [0.18117570492983606, 0.045390013267540975, 0.41795015789770495, 1440672497.7934427, 0.671232786885246, 0.09765864273377049, 1692697720.1436067, 2890066836.361967, 813903722.6301639, 2.6785993442622953, 0.042445744272786884, 158.99494032786885, 0.17753027339081967, 1691528022.9390163, 5067472935.517377, 9100251142.911476, 8.44091081967213, 50.50541639344263, 1.9609147540983607, 2.2381639344262294, 4.840344262295082, 17.5127068852459, 4.779501639344262, 228075679.43344262, 25.932072131147542, 5399529.3685245905, 0.03632583608983606, 0.8211700463580328, 793581236.3901639, 2.940892026229508, 7.529736189016393, 0.07472314724065575, 4.990340983606558, 209200318.34295082, 1.3065694118032787, 29033671185.683933, 4.271148755502951, 15.135154098360653, 19.221518309836068, 0.049574426305573766, 5359301.496393443, 104.49494432786886, 100.6188953747541, 105.69030721311475, 1577617.5416393443, 104.42151947540982, 101.90605775983607, 1577617.5416393443, 103.45096019672131, 1443148.9344262294, 26283640517.409836, 1590737.4603278688, 103.45096019672131, 1357.639344262295, 1443148.9344262294, 119.99618399803279, 68.8475486990164, 1389.9016393442623, 105.69030721311475, 104.58669593442623], "variance": [0.06455200714995472, 0.0754786166218442, 0.0595082955395818, 2.976627980601002e+19, 67.22685851958076, 0.06015167547393588, 3.413721595047332e+19, 1.0318282951575321e+20, 1.2667116991028244e+19, 22.528147910950395, 0.0043220556911111796, 299432.86965493875, 1.7707725722664873, 7.236971960125163e+19, 2.0022466938870533e+20, 9.354877446803632e+20, 953.1452846018828, 10696.629704568257, 20.59990168191347, 0.22489105509271703, 33.60559046049986, 59396.23038152915, 131.7264870958989, 4.732004000623898e+17, 2884.4808845062726, 89451338424839.45, 0.0013592043045988905, 0.0426659457018383, 1.47980309081041e+19, 121.55249603806993, 603.1135017119093, 0.017354651374120122, 16.01027096569739, 4.1500498354983994e+17, 0.4764671401290042, 1.4814574235244315e+22, 33.54935470390801, 156667.40988215656, 17361.612170601427, 0.002912142060595469, 85818235642784.08, 48178.42623175519, 45318.48458382364, 49222.42996689632, 22314630923500.992, 48484.73533706053, 47611.27816657871, 22314630923500.992, 46998.31018977129, 29191193703478.996, 1.512007826033044e+22, 18016401351696.63, 46998.31018977129, 6316540.001074979, 29191193703478.996, 58225.736023191836, 25277.237075347086, 6879163.596882559, 49222.42996689632, 47827.482804243446]}